Thời gian,thoi_tiet,cong_suat_phat_olt,cong_suat_thua_olt,cong_suat_phat_thiet_bi_dau_cuoi,cong_suat_thu_thiet_bi_dau_cuoi,suy_hao_download,suy_hao_upload,khoang_cach_thue_bao,danh_gia
202105180655,Nắng,3.72,-25.86,2.13,-24.2,27.92,27.99,6980,Đạt
202105180655,Nắng,3.72,-22.52,1.88,-21.02,24.74,24.4,7025,Tốt
202105180655,Nắng,3.72,-25.38,2.09,-22.92,26.64,27.47,8400,Tốt
202105180655,Nắng,3.72,-23.77,2.71,-22.07,25.79,26.48,8472,Tốt
202105180655,Nắng,3.72,-22.37,2.89,-17.77,21.49,25.26,6950,Tốt
202105180655,Nắng,3.72,-26.39,2.3,-23.56,27.28,28.69,8506,Đạt
202105180655,Nắng,3.72,-24.56,2.08,-22.67,26.39,26.64,8487,Tốt
202105180655,Nắng,3.72,-26.2,2.31,-22.67,26.39,28.51,8668,Tốt
202105180655,Nắng,3.72,-22.84,2.35,-22.84,26.56,25.19,7326,Tốt
202105180655,Nắng,3.72,-24.56,2.76,-23.37,27.09,27.32,8557,Đạt
202105180655,Nắng,3.72,-23.19,2.74,-23.87,27.59,25.93,7292,Đạt
202105180655,Nắng,3.72,-26.99,2.86,-23.18,26.9,29.85,8819,Tốt
202105180655,Nắng,3.72,-23.02,2.2,-21.42,25.14,25.22,7330,Tốt
202105180655,Nắng,3.72,-22.68,2.83,-20.04,23.76,25.51,7234,Tốt
202105180655,Nắng,3.72,-22.08,2.82,-22.84,26.56,24.9,7414,Tốt
202105180655,Nắng,3.72,-24.82,2.19,-24.81,28.53,27.01,7861,Đạt
202105180655,Nắng,3.72,-23.1,2.15,-23.56,27.28,25.25,8048,Đạt
202105180655,Nắng,3.72,-25.23,2.58,-24.43,28.15,27.81,7995,Đạt
202105180655,Nắng,3.72,-24.44,2.46,-22.67,26.39,26.9,7766,Tốt
202105180655,Nắng,3.72,-22.52,2.21,-22.59,26.31,24.73,7379,Tốt
202105180655,Nắng,3.72,-24.82,2.44,-23.46,27.18,27.26,8107,Đạt
202105180655,Nắng,3.72,-26.2,2.41,-23.01,26.73,28.61,7945,Tốt
202105180655,Nắng,3.72,-24.95,2.3,-23.37,27.09,27.25,8071,Đạt
202105180655,Nắng,3.72,-23.02,3,-21.94,25.66,26.02,8106,Tốt
202105180655,Nắng,3.72,-23.67,2.67,-21.61,25.33,26.34,8032,Tốt
202105180655,Nắng,3.72,-25.69,2.39,-23.87,27.59,28.08,8623,Đạt
202105180655,Nắng,3.72,-23.1,2.61,-22.84,26.56,25.71,7809,Tốt
202105180655,Nắng,3.72,-22.45,2.56,-22,25.72,25.01,7458,Tốt
202105180655,Nắng,3.72,-26.78,2.07,-23.87,27.59,28.85,8686,Đạt
202105180655,Nắng,3.72,-24.32,2.1,-22.92,26.64,26.42,8400,Tốt
202105180655,Nắng,3.72,-25.86,1.96,-24.68,28.4,27.82,8315,Đạt
202105180655,Nắng,3.72,-23.67,2.21,-21.8,25.52,25.88,8467,Tốt
202105180655,Nắng,3.72,-24.09,2.31,-22.59,26.31,26.4,8544,Tốt
202105180655,Nắng,3.72,-24.44,1.88,-24.31,28.03,26.32,8293,Đạt
202105180655,Nắng,3.72,-23.88,2.39,-22,25.72,26.27,8350,Tốt
202105180655,Nắng,3.72,-22.84,2.72,-22.52,26.24,25.56,8596,Tốt
202105180655,Nắng,3.72,-22.93,2.74,-22.92,26.64,25.67,8560,Tốt
202105180655,Nắng,3.72,-26.2,2.14,-24.56,28.28,28.34,8784,Đạt
202105180655,Nắng,3.72,-25.69,2.16,-24.81,28.53,27.85,8632,Đạt
202105180655,Nắng,3.72,-22.68,2.74,-23.28,27,25.42,8397,Tốt
202105180655,Nắng,3.72,-24.21,3.23,-22.44,26.16,27.44,9309,Tốt
202105180655,Nắng,3.72,-22.37,2.81,-22.14,25.86,25.18,9223,Tốt
202105180655,Nắng,3.72,-23.38,2.27,-21.61,25.33,25.65,9008,Tốt
202105180655,Nắng,3.72,-22.93,2,-20.45,24.17,24.93,9075,Tốt
202105180655,Nắng,3.72,-24.21,2.53,-22.44,26.16,26.74,9354,Tốt
202105180655,Nắng,3.72,-23.47,2.37,-21.94,25.66,25.84,9717,Tốt
202105180655,Nắng,3.72,-23.88,2.15,-22.29,26.01,26.03,9031,Tốt
202105180655,Nắng,3.72,-24.09,2.31,-23.01,26.73,26.4,9239,Tốt
202105180655,Nắng,3.72,-22.01,2.8,-22.36,26.08,24.81,9215,Tốt
202105180655,Nắng,3.72,-23.38,2.02,-24.31,28.03,25.4,9333,Đạt
202105180655,Nắng,3.72,-22.68,2.65,-21.42,25.14,25.33,9280,Tốt
202105180655,Nắng,3.72,-22.22,2.88,-21.55,25.27,25.1,9382,Tốt
202105180655,Nắng,3.72,-24.09,2.02,-22.07,25.79,26.11,9032,Tốt
202105180655,Nắng,3.72,-24.82,2.33,-23.01,26.73,27.15,9398,Tốt
202105180655,Nắng,3.72,-23.98,2.39,-21.3,25.02,26.37,9259,Tốt
202105180655,Nắng,3.72,-23.77,2.33,-21.25,24.97,26.1,9135,Tốt
202105180655,Nắng,3.25,-27.22,2.09,-23.98,27.23,29.31,4621,Đạt
202105180655,Nắng,3.25,-23.02,2.05,-22.29,25.54,25.07,4572,Tốt
202105180655,Nắng,3.25,-23.38,1.78,-22.44,25.69,25.16,4372,Tốt
202105180655,Nắng,3.25,-25.69,2.74,-25.53,28.78,28.43,4677,Đạt
202105180655,Nắng,3.25,-27.22,2.41,-26.57,29.82,29.63,4707,Đạt
202105180655,Nắng,3.25,-25.53,2.71,-23.76,27.01,28.24,5147,Đạt
202105180655,Nắng,3.25,-21.62,2.07,-21.42,24.67,23.69,4208,Tốt
202105180655,Nắng,3.25,-21.14,2.69,-22.07,25.32,23.83,4463,Tốt
202105180655,Nắng,3.25,-26.99,2.84,-26.02,29.27,29.83,4683,Đạt
202105180655,Nắng,3.25,-23.02,2.76,-20.97,24.22,25.78,5477,Tốt
202105180655,Nắng,3.25,-24.95,2.84,-26.19,29.44,27.79,4709,Đạt
202105180655,Nắng,3.25,-21.74,2.6,-20.31,23.56,24.34,4280,Tốt
202105180655,Nắng,3.25,-24.95,2.65,-25.08,28.33,27.6,5809,Đạt
202105180655,Nắng,3.25,-22.84,1.94,-24.95,28.2,24.78,4510,Đạt
202105180655,Nắng,3.25,-23.98,2.16,-23.66,26.91,26.14,4610,Tốt
202105180655,Nắng,3.25,-22.93,2.27,-22.14,25.39,25.2,4579,Tốt
202105180655,Nắng,3.25,-23.19,2.11,-21.08,24.33,25.3,4503,Tốt
202105180655,Nắng,3.25,-23.77,2.44,-23.1,26.35,26.21,4665,Tốt
202105180655,Nắng,3.25,-23.67,2.98,-23.1,26.35,26.65,5196,Tốt
202105180655,Nắng,3.25,-23.02,2.83,-22.75,26,25.85,4798,Tốt
202105180655,Nắng,3.25,-25.23,2.26,-23.18,26.43,27.49,4525,Tốt
202105180655,Nắng,3.25,-22.93,2.32,-22.67,25.92,25.25,4737,Tốt
202105180655,Nắng,3.25,-23.67,2.48,-22.92,26.17,26.15,4492,Tốt
202105180655,Nắng,3.25,-24.21,2.61,-22.07,25.32,26.82,4768,Tốt
202105180655,Nắng,3.25,-21.74,2.79,-22.59,25.84,24.53,4801,Tốt
202105180655,Nắng,3.25,-23.28,2.19,-23.28,26.53,25.47,4641,Tốt
202105180655,Nắng,3.25,-22.93,1.99,-21.3,24.55,24.92,4984,Tốt
202105180655,Nắng,3.25,-23.77,2.61,-21.61,24.86,26.38,4734,Tốt
202105180655,Nắng,3.25,-23.19,2.32,-22.84,26.09,25.51,5596,Tốt
202105180655,Nắng,3.25,-24.09,2.36,-23.56,26.81,26.45,5799,Tốt
202105180655,Nắng,3.25,-23.67,1.98,-22.52,25.77,25.65,5614,Tốt
202105180655,Nắng,3.25,-22.84,2.88,-22.14,25.39,25.72,5939,Tốt
202105180655,Nắng,3.25,-24.09,2.23,-22.92,26.17,26.32,5603,Tốt
202105180655,Nắng,3.25,-24.44,1.82,-21.74,24.99,26.26,5639,Tốt
202105180655,Nắng,3.25,-23.38,2.89,-25.37,28.62,26.27,5534,Đạt
202105180655,Nắng,3.25,-23.67,2.58,-24.31,27.56,26.25,5845,Đạt
202105180655,Nắng,3.25,-22.52,2.22,-21.25,24.5,24.74,6428,Tốt
202105180655,Nắng,3.25,-23.19,2.64,-22.92,26.17,25.83,6993,Tốt
202105180655,Nắng,3.25,-23.67,1.9,-21.55,24.8,25.57,5474,Tốt
202105180655,Nắng,3.25,-23.77,2.55,-23.1,26.35,26.32,5581,Tốt
202105180655,Nắng,3.25,-22.15,2.33,-22.29,25.54,24.48,4729,Tốt
202105180655,Nắng,3.25,-24.44,2.04,-22.36,25.61,26.48,5501,Tốt
202105180655,Nắng,3.25,-23.02,2.7,-22.07,25.32,25.72,5845,Tốt
202105180655,Nắng,3.25,-23.67,2.15,-22.14,25.39,25.82,5553,Tốt
202105180655,Nắng,3.25,-21.43,2.63,-21.61,24.86,24.06,5594,Tốt
202105180655,Nắng,3.25,-24.69,3.08,-25.37,28.62,27.77,5578,Đạt
202105180655,Nắng,3.25,-23.19,2.34,-21.67,24.92,25.53,5622,Tốt
202105180655,Nắng,3.25,-23.19,2.03,-23.56,26.81,25.22,5347,Tốt
202105180655,Nắng,3.25,-23.57,2.22,-22.75,26,25.79,5619,Tốt
202105180655,Nắng,3.25,-25.23,2.29,-22.84,26.09,27.52,5862,Tốt
202105180655,Nắng,3.25,-22.68,2.16,-23.76,27.01,24.84,5633,Đạt
202105180655,Nắng,3.25,-26.2,2.15,-23.66,26.91,28.35,5877,Tốt
202105180655,Nắng,3.25,-22.15,2.84,-22.29,25.54,24.99,5462,Tốt
202105180655,Nắng,3.25,-23.67,2.19,-25.37,28.62,25.86,5863,Đạt
202105180655,Nắng,3.25,-22.68,2.41,-22.75,26,25.09,5641,Tốt
202105180655,Nắng,3.25,-25.09,2.27,-24.56,27.81,27.36,5686,Đạt
202105180655,Nắng,3.25,-23.67,2.15,-24.31,27.56,25.82,5456,Đạt
202105180655,Nắng,3.48,-24.82,3.1,-23.66,27.14,27.92,1025,Đạt
202105180655,Nắng,3.48,-24.09,2.65,-23.37,26.85,26.74,333,Tốt
202105180655,Nắng,3.48,-26.03,2.09,-23.87,27.35,28.12,183,Đạt
202105180655,Nắng,3.48,-27.7,2.31,-24.56,28.04,30.01,844,Đạt
202105180655,Nắng,3.48,-25.69,2.98,-26.38,29.86,28.67,546,Đạt
202105180655,Nắng,3.48,-22.68,2.26,-22.29,25.77,24.94,1006,Tốt
202105180655,Nắng,3.48,-20.32,2.87,-19.7,23.18,23.19,239,Tốt
202105180655,Nắng,3.48,-23.67,2.34,-22,25.48,26.01,237,Tốt
202105180655,Nắng,3.48,-23.88,1.99,-23.28,26.76,25.87,378,Tốt
202105180655,Nắng,3.48,-22.93,2.74,-21.94,25.42,25.67,257,Tốt
202105180655,Nắng,3.48,-22.84,2.83,-23.76,27.24,25.67,241,Đạt
202105180655,Nắng,3.48,-25.23,2.01,-24.95,28.43,27.24,930,Đạt
202105180655,Nắng,3.48,-27.7,2.21,-25.37,28.85,29.91,972,Đạt
202105180655,Nắng,3.48,-24.95,2.36,-22.84,26.32,27.31,974,Tốt
202105180655,Nắng,3.48,-25.09,2.11,-22.14,25.62,27.2,725,Tốt
202105180655,Nắng,3.48,-23.57,2.18,-22.67,26.15,25.75,907,Tốt
202105180655,Nắng,3.48,-24.69,2.23,-24.31,27.79,26.92,993,Đạt
202105180655,Nắng,3.48,-24.69,2.23,-21.42,24.9,26.92,802,Tốt
202105180655,Nắng,3.48,-24.69,2.41,-24.09,27.57,27.1,763,Đạt
202105180655,Nắng,3.48,-25.53,2.23,-23.18,26.66,27.76,537,Tốt
202105180655,Nắng,3.48,-23.57,2.42,-23.18,26.66,25.99,860,Tốt
202105180655,Nắng,3.48,-25.09,2.29,-23.28,26.76,27.38,674,Tốt
202105180655,Nắng,3.48,-23.67,2.45,-22.84,26.32,26.12,682,Tốt
202105180655,Nắng,3.48,-23.98,2.65,-22.52,26,26.63,993,Tốt
202105180655,Nắng,3.48,-23.67,2.64,-23.46,26.94,26.31,826,Tốt
202105180655,Nắng,3.48,-23.67,2.66,-26.19,29.67,26.33,481,Đạt
202105180655,Nắng,3.48,-24.32,2.75,-21.48,24.96,27.07,483,Tốt
202105180655,Nắng,3.48,-26.03,2.04,-23.28,26.76,28.07,472,Tốt
202105180655,Nắng,3.48,-24.44,2.28,-24.09,27.57,26.72,741,Đạt
202105180655,Nắng,3.48,-24.21,2.04,-22.59,26.07,26.25,601,Tốt
202105180655,Nắng,3.48,-22.76,2.16,-21.87,25.35,24.92,619,Tốt
202105180655,Nắng,3.48,-23.98,2.86,-24.81,28.29,26.84,638,Đạt
202105180655,Nắng,3.48,-23.02,2.44,-23.56,27.04,25.46,501,Đạt
202105180655,Nắng,3.48,-23.67,2.18,-21.55,25.03,25.85,567,Tốt
202105180655,Nắng,3.48,-23.28,2.16,-22.75,26.23,25.44,748,Tốt
202105180655,Nắng,3.48,-23.88,2.15,-25.53,29.01,26.03,648,Đạt
202105180655,Nắng,3.48,-23.19,2.19,-24.2,27.68,25.38,477,Đạt
202105180655,Nắng,3.48,-23.19,2.94,-21.48,24.96,26.13,1128,Tốt
202105180655,Nắng,3.48,-26.03,2.1,-21.67,25.15,28.13,1310,Tốt
202105180655,Nắng,3.48,-28.54,2.12,-26.19,29.67,30.66,2222,Đạt
202105180655,Nắng,3.48,-24.32,2.78,-24.2,27.68,27.1,1081,Đạt
202105180655,Nắng,3.48,-25.23,2.34,-22.29,25.77,27.57,1207,Tốt
202105180655,Nắng,3.48,-26.2,2.22,-23.46,26.94,28.42,1160,Tốt
202105180655,Nắng,3.48,-27.7,2.37,-24.2,27.68,30.07,1275,Đạt
202105180655,Nắng,3.48,-24.32,2.22,-22.59,26.07,26.54,1513,Tốt
202105180655,Nắng,3.48,-26.99,2.5,-24.2,27.68,29.49,1457,Đạt
202105180655,Nắng,3.48,-27.7,2.07,-25.23,28.71,29.77,1116,Đạt
202105180655,Nắng,3.48,-24.21,2.95,-22.75,26.23,27.16,1087,Tốt
202105180655,Nắng,3.48,-26.99,2.38,-26.19,29.67,29.37,879,Đạt
202105180655,Nắng,3.48,-25.69,2.23,-24.09,27.57,27.92,1260,Đạt
202105180655,Nắng,3.73,-21.03,2.35,-19.91,23.64,23.38,6554,Tốt
202105180655,Nắng,3.73,-26.78,2.15,-24.81,28.54,28.93,6554,Đạt
202105180655,Nắng,3.73,-23.19,2.11,-22.67,26.4,25.3,6555,Tốt
202105180655,Nắng,3.73,-23.98,2.16,-21.25,24.98,26.14,6387,Tốt
202105180655,Nắng,3.73,-23.28,2.07,-21.13,24.86,25.35,6743,Tốt
202105180655,Nắng,3.73,-24.32,2.28,-21.87,25.6,26.6,6766,Tốt
202105180655,Nắng,3.73,-23.88,2.55,-23.18,26.91,26.43,6664,Tốt
202105180655,Nắng,3.73,-22.84,2.17,-20.45,24.18,25.01,6587,Tốt
202105180655,Nắng,3.73,-23.67,2.27,-22.67,26.4,25.94,6513,Tốt
202105180655,Nắng,3.73,-24.56,2.37,-22.92,26.65,26.93,7659,Tốt
202105180655,Nắng,3.73,-23.47,2.54,-23.56,27.29,26.01,7705,Đạt
202105180655,Nắng,3.73,-23.38,2.31,-22.22,25.95,25.69,7764,Tốt
202105180655,Nắng,3.73,-26.2,1.84,-24.31,28.04,28.04,7800,Đạt
202105180655,Nắng,3.73,-25.09,2.29,-22.52,26.25,27.38,8238,Tốt
202105180655,Nắng,3.73,-23.88,2.65,-20.86,24.59,26.53,7767,Tốt
202105180655,Nắng,3.73,-22.45,2.68,-20.65,24.38,25.13,7766,Tốt
202105180655,Nắng,3.73,-24.09,2.98,-23.87,27.6,27.07,8394,Đạt
202105180655,Nắng,3.73,-24.95,3.23,-25.68,29.41,28.18,7891,Đạt
202105180655,Nắng,3.73,-24.56,2.24,-23.28,27.01,26.8,7657,Đạt
202105180655,Nắng,3.73,-23.38,2.44,-23.1,26.83,25.82,7672,Tốt
202105180655,Nắng,3.73,-27.7,2.64,-25.53,29.26,30.34,9333,Đạt
202105180655,Nắng,3.73,-24.69,2.22,-24.2,27.93,26.91,8439,Đạt
202105180655,Nắng,3.73,-24.82,2.29,-23.66,27.39,27.11,7644,Đạt
202105180655,Nắng,3.73,-25.38,2.77,-23.66,27.39,28.15,7747,Đạt
202105180655,Nắng,3.73,-24.95,2.37,-22.92,26.65,27.32,9431,Tốt
202105180655,Nắng,3.73,-25.53,1.88,-24.31,28.04,27.41,9145,Đạt
202105180655,Nắng,3.73,-26.58,2.29,-25.53,29.26,28.87,9627,Đạt
202105180655,Nắng,3.73,-24.82,2.31,-21.74,25.47,27.13,9498,Tốt
202105180655,Nắng,3.73,-25.09,2.12,-21.87,25.6,27.21,9549,Tốt
202105180655,Nắng,3.73,-24.44,2.29,-21.87,25.6,26.73,9319,Tốt
202105180655,Nắng,3.73,-24.32,1.86,-22,25.73,26.18,9327,Tốt
202105180655,Nắng,3.73,-24.82,2.27,-22.22,25.95,27.09,9243,Tốt
202105180655,Nắng,3.73,-24.69,2.27,-21.67,25.4,26.96,9507,Tốt
202105180655,Nắng,3.73,-23.38,2.74,-23.98,27.71,26.12,9415,Đạt
202105180655,Nắng,3.73,-24.32,2.56,-23.56,27.29,26.88,9510,Đạt
202105180655,Nắng,3.73,-25.53,2.12,-22.92,26.65,27.65,9274,Tốt
202105180655,Nắng,3.73,-25.38,2.02,-25.37,29.1,27.4,9523,Đạt
202105180655,Nắng,3.73,-26.2,2.18,-24.2,27.93,28.38,9478,Đạt
202105180655,Nắng,3.73,-26.39,2.08,-22.59,26.32,28.47,9356,Tốt
202105180655,Nắng,3.73,-25.38,2.11,-23.18,26.91,27.49,10067,Tốt
202105180655,Nắng,3.73,-26.03,2.23,-22.59,26.32,28.26,10130,Tốt
202105180655,Nắng,3.73,-24.82,2.19,-23.66,27.39,27.01,10059,Đạt
202105180655,Nắng,3.73,-24.56,2.44,-21.02,24.75,27,9951,Tốt
202105180655,Nắng,3.73,-25.53,2.39,-21.74,25.47,27.92,9856,Tốt
202105180655,Nắng,3.73,-23.88,2.64,-23.46,27.19,26.52,10241,Đạt
202105180655,Nắng,3.73,-25.23,2.11,-22.36,26.09,27.34,10064,Tốt
202105180655,Nắng,3.73,-24.82,3.23,-21.42,25.15,28.05,10221,Tốt
202105180655,Nắng,3.73,-26.78,2.13,-24.95,28.68,28.91,10161,Đạt
202105180655,Nắng,3.73,-25.23,2.68,-25.37,29.1,27.91,10035,Đạt
202105180655,Nắng,3.73,-25.53,2.01,-22.59,26.32,27.54,10185,Tốt
202105180655,Nắng,3.73,-22.84,2.98,-22.14,25.87,25.82,10091,Tốt
202105180655,Nắng,3.73,-23.67,1.93,-21.74,25.47,25.6,9995,Tốt
202105180655,Nắng,3.73,-24.56,2.13,-22.36,26.09,26.69,10139,Tốt
202105180655,Nắng,3.73,-24.82,2.66,-24.68,28.41,27.48,10113,Đạt
202105180655,Nắng,3.73,-25.86,2.21,-23.66,27.39,28.07,10090,Đạt
202105180655,Nắng,3.66,-24.82,2.17,-22.59,26.25,26.99,2234,Tốt
202105180655,Nắng,3.66,-25.86,1.98,-26.77,30.43,27.84,1760,Kém
202105180655,Nắng,3.66,-26.03,2.15,-25.37,29.03,28.18,1764,Đạt
202105180655,Nắng,3.66,-22.08,2.3,-18.69,22.35,24.38,1818,Tốt
202105180655,Nắng,3.66,-22.76,2.58,-22.84,26.5,25.34,2134,Tốt
202105180655,Nắng,3.66,-23.02,2.17,-20.55,24.21,25.19,2173,Tốt
202105180655,Nắng,3.66,-26.78,2.29,-23.98,27.64,29.07,1846,Đạt
202105180655,Nắng,3.66,-23.67,2.25,-19.91,23.57,25.92,2030,Tốt
202105180655,Nắng,3.66,-26.2,2.05,-23.87,27.53,28.25,1782,Đạt
202105180655,Nắng,3.66,-26.03,2.59,-25.85,29.51,28.62,2407,Đạt
202105180655,Nắng,3.66,-22.01,2.59,-18.66,22.32,24.6,2018,Tốt
202105180655,Nắng,3.66,-30.46,2.63,-28.24,31.9,33.09,1033,Kém
202105180655,Nắng,3.66,-21.68,3.27,-20,23.66,24.95,2056,Tốt
202105180655,Nắng,3.66,-22.15,2.37,-20.81,24.47,24.52,875,Tốt
202105180655,Nắng,3.66,-28.87,2.86,-25.85,29.51,31.73,3089,Đạt
202105180655,Nắng,3.66,-27.7,2.02,-24.81,28.47,29.72,3216,Đạt
202105180655,Nắng,3.66,-26.58,2.26,-25.37,29.03,28.84,3024,Đạt
202105180655,Nắng,3.66,-29.59,2.15,-24.2,27.86,31.74,2858,Đạt
202105180655,Nắng,3.66,-27.22,2.18,-23.37,27.03,29.4,3200,Đạt
202105180655,Nắng,3.66,-27.7,2.01,-24.68,28.34,29.71,873,Đạt
202105180655,Nắng,3.66,-23.02,2.36,-20.65,24.31,25.38,828,Tốt
202105180655,Nắng,3.66,-22.52,2.81,-21.36,25.02,25.33,921,Tốt
202105180655,Nắng,3.66,-23.77,3.03,-22.75,26.41,26.8,1107,Tốt
202105180655,Nắng,3.66,-22.22,2.8,-20.27,23.93,25.02,1148,Tốt
202105180655,Nắng,3.66,-22.93,2.07,-20.91,24.57,25,797,Tốt
202105180655,Nắng,3.66,-23.19,2.25,-21.42,25.08,25.44,1062,Tốt
202105180655,Nắng,3.66,-23.02,2.18,-20.65,24.31,25.2,1020,Tốt
202105180655,Nắng,3.66,-22.52,2.19,-22.29,25.95,24.71,992,Tốt
202105180655,Nắng,3.66,-23.47,2.23,-20.41,24.07,25.7,777,Tốt
202105180655,Nắng,3.66,-23.77,2.06,-21.67,25.33,25.83,1043,Tốt
202105180655,Nắng,3.66,-23.19,2.2,-23.18,26.84,25.39,960,Tốt
202105180655,Nắng,3.66,-23.02,2.23,-21.74,25.4,25.25,814,Tốt
202105180655,Nắng,3.66,-21.68,2.7,-18.6,22.26,24.38,972,Tốt
202105180655,Nắng,3.66,-26.99,2.27,-23.87,27.53,29.26,1601,Đạt
202105180655,Nắng,3.66,-26.78,2.01,-23.46,27.12,28.79,1856,Đạt
202105180655,Nắng,3.66,-24.21,2.73,-23.18,26.84,26.94,1764,Tốt
202105180655,Nắng,3.66,-27.22,3.24,-23.18,26.84,30.46,1687,Tốt
202105180655,Nắng,3.66,-24.82,2.79,-22.36,26.02,27.61,1580,Tốt
202105180655,Nắng,3.66,-26.58,2.11,-22.75,26.41,28.69,1579,Tốt
202105180655,Nắng,3.66,-27.96,2.11,-23.28,26.94,30.07,1743,Tốt
202105180655,Nắng,3.66,-25.69,2.04,-23.56,27.22,27.73,1584,Đạt
202105180655,Nắng,3.66,-23.02,2.41,-23.46,27.12,25.43,1586,Đạt
202105180655,Nắng,3.66,-25.69,1.97,-23.1,26.76,27.66,1651,Tốt
202105180655,Nắng,3.66,-25.09,2.68,-23.28,26.94,27.77,1624,Tốt
202105180655,Nắng,3.66,-25.38,2.04,-22.44,26.1,27.42,1598,Tốt
202105180655,Nắng,3.68,-22.93,2.44,-21.67,25.35,25.37,8658,Tốt
202105180655,Nắng,3.68,-23.19,2.14,-22.75,26.43,25.33,8746,Tốt
202105180655,Nắng,3.68,-22.6,2.9,-20.17,23.85,25.5,8738,Tốt
202105180655,Nắng,3.68,-22.68,2.73,-23.37,27.05,25.41,9089,Đạt
202105180655,Nắng,3.68,-23.1,2.3,-22.59,26.27,25.4,9217,Tốt
202105180655,Nắng,3.68,-23.47,2.65,-23.28,26.96,26.12,9130,Tốt
202105180655,Nắng,3.68,-23.47,2.89,-21.3,24.98,26.36,8816,Tốt
202105180655,Nắng,3.68,-22.6,2.36,-21.8,25.48,24.96,9134,Tốt
202105180655,Nắng,3.68,-23.67,2.97,-22.84,26.52,26.64,8799,Tốt
202105180655,Nắng,3.68,-23.47,2.89,-23.66,27.34,26.36,9075,Đạt
202105180655,Nắng,3.68,-23.77,2.54,-24.43,28.11,26.31,8639,Đạt
202105180655,Nắng,3.68,-23.67,2.88,-23.18,26.86,26.55,9098,Tốt
202105180655,Nắng,3.68,-23.1,2.5,-21.19,24.87,25.6,8628,Tốt
202105180655,Nắng,3.68,-23.77,3.36,-22.44,26.12,27.13,9068,Tốt
202105180655,Nắng,3.68,-23.02,2.96,-22.92,26.6,25.98,8858,Tốt
202105180655,Nắng,3.68,-23.47,2.47,-23.01,26.69,25.94,8835,Tốt
202105180655,Nắng,3.68,-24.21,2.22,-24.68,28.36,26.43,8789,Đạt
202105180655,Nắng,3.68,-23.19,2.17,-22.22,25.9,25.36,8630,Tốt
202105180655,Nắng,3.68,-22.45,2.03,-21.8,25.48,24.48,8476,Tốt
202105180655,Nắng,3.68,-23.88,1.82,-24.2,27.88,25.7,8828,Đạt
202105180655,Nắng,3.68,-23.88,2.41,-23.46,27.14,26.29,9260,Đạt
202105180655,Nắng,3.68,-24.21,2.9,-24.09,27.77,27.11,8819,Đạt
202105180655,Nắng,3.68,-23.02,2.36,-24.43,28.11,25.38,8591,Đạt
202105180655,Nắng,3.68,-23.98,2.24,-22.92,26.6,26.22,8801,Tốt
202105180655,Nắng,3.68,-23.19,2.17,-23.46,27.14,25.36,8917,Đạt
202105180655,Nắng,3.68,-23.1,2.22,-22.75,26.43,25.32,8837,Tốt
202105180655,Nắng,3.68,-21.31,2.23,-20.41,24.09,23.54,8710,Tốt
202105180655,Nắng,3.68,-22.15,2.08,-22.67,26.35,24.23,8404,Tốt
202105180655,Nắng,3.68,-21.81,2.74,-21.87,25.55,24.55,8956,Tốt
202105180655,Nắng,3.68,-23.77,2.96,-22.84,26.52,26.73,8858,Tốt
202105180655,Nắng,3.68,-24.32,2.13,-23.37,27.05,26.45,9252,Đạt
202105180655,Nắng,3.68,-23.57,2.25,-21.8,25.48,25.82,9308,Tốt
202105180655,Nắng,3.68,-24.32,2.07,-21.42,25.1,26.39,9195,Tốt
202105180655,Nắng,3.68,-24.69,1.99,-23.56,27.24,26.68,8995,Đạt
202105180655,Nắng,3.68,-23.88,2.97,-23.87,27.55,26.85,9305,Đạt
202105180655,Nắng,3.68,-30,2.27,-25.85,29.53,32.27,9173,Đạt
202105180655,Nắng,3.68,-24.56,2.26,-24.09,27.77,26.82,9444,Đạt
202105180655,Nắng,3.68,-23.88,2.3,-22.29,25.97,26.18,9273,Tốt
202105180655,Nắng,3.68,-25.69,2,-22.44,26.12,27.69,9299,Tốt
202105180655,Nắng,3.68,-23.77,2.78,-22.67,26.35,26.55,9263,Tốt
202105180655,Nắng,3.68,-23.57,2.63,-22.59,26.27,26.2,9267,Tốt
202105180655,Nắng,3.68,-23.98,2.04,-22.92,26.6,26.02,9152,Tốt
202105180655,Nắng,3.68,-23.38,2.35,-22.22,25.9,25.73,9156,Tốt
202105180655,Nắng,3.68,-24.09,2.09,-22.92,26.6,26.18,9034,Tốt
202105180655,Nắng,3.68,-24.82,2.75,-23.87,27.55,27.57,9386,Đạt
202105180655,Nắng,3.68,-25.86,2.4,-24.81,28.49,28.26,9290,Đạt
202105180655,Nắng,3.68,-25.09,2.07,-23.01,26.69,27.16,8936,Tốt
202105180655,Nắng,3.68,-25.23,2.39,-23.76,27.44,27.62,9166,Đạt
202105180655,Nắng,3.68,-24.09,2.72,-24.09,27.77,26.81,9161,Đạt
202105180655,Nắng,3.68,-24.21,2.1,-23.1,26.78,26.31,9073,Tốt
202105180655,Nắng,3.68,-24.09,2.13,-23.18,26.86,26.22,9161,Tốt
202105180655,Nắng,3.68,-25.86,2.08,-24.09,27.77,27.94,9216,Đạt
202105180655,Nắng,3.68,-24.32,2.12,-23.1,26.78,26.44,9199,Tốt
202105180655,Nắng,3.68,-24.44,3.17,-23.18,26.86,27.61,9613,Tốt
202105180655,Nắng,3.68,-24.09,2.34,-21.67,25.35,26.43,9516,Tốt
202105180655,Nắng,3.68,-25.69,2.69,-24.68,28.36,28.38,9547,Đạt
202105180655,Nắng,3.68,-23.02,2.32,-22.29,25.97,25.34,9571,Tốt
202105180655,Nắng,3.68,-23.1,1.82,-21.61,25.29,24.92,9412,Tốt
202105180655,Nắng,3.68,-23.67,2.52,-23.37,27.05,26.19,9555,Đạt
202105180655,Nắng,3.68,-24.09,3.07,-21.87,25.55,27.16,9168,Tốt
202105180655,Nắng,3.87,-21.14,2.37,-22.29,26.16,23.51,846,Tốt
202105180655,Nắng,3.87,-21.74,2.33,-21.67,25.54,24.07,679,Tốt
202105180655,Nắng,3.87,-21.74,2.52,-24.31,28.18,24.26,1216,Đạt
202105180655,Nắng,3.87,-23.02,2.17,-24.95,28.82,25.19,797,Đạt
202105180655,Nắng,3.87,-22.93,2.19,-23.46,27.33,25.12,943,Đạt
202105180655,Nắng,3.87,-21.68,1.91,-25.68,29.55,23.59,640,Đạt
202105180655,Nắng,3.87,-21.03,2.21,-22.84,26.71,23.24,812,Tốt
202105180655,Nắng,3.87,-20.61,2.94,-21.02,24.89,23.55,853,Tốt
202105180655,Nắng,3.87,-23.67,2.29,-23.46,27.33,25.96,1022,Đạt
202105180655,Nắng,3.87,-29.21,2.98,-24.68,28.55,32.19,1444,Đạt
202105180655,Nắng,3.87,-22.3,2.86,-23.28,27.15,25.16,1808,Đạt
202105180655,Nắng,3.87,-20.66,2.27,-20.86,24.73,22.93,1527,Tốt
202105180655,Nắng,3.87,-23.19,2.7,-23.46,27.33,25.89,1392,Đạt
202105180655,Nắng,3.87,-20.76,3.23,-23.28,27.15,23.99,1459,Đạt
202105180655,Nắng,3.87,-21.08,2.43,-21.67,25.54,23.51,1579,Tốt
202105180655,Nắng,3.87,-22.22,2.31,-25.85,29.72,24.53,2398,Đạt
202105180655,Nắng,3.87,-21.81,2.05,-20.75,24.62,23.86,1588,Tốt
202105180655,Nắng,3.87,-22.52,2.22,-23.98,27.85,24.74,1682,Đạt
202105180655,Nắng,3.87,-21.37,2.64,-22.59,26.46,24.01,1952,Tốt
202105180655,Nắng,3.87,-21.62,2.71,-23.01,26.88,24.33,2695,Tốt
202105180655,Nắng,3.87,-21.08,2.42,-22.14,26.01,23.5,1347,Tốt
202105180655,Nắng,3.87,-23.28,2.01,-25.68,29.55,25.29,1986,Đạt
202105180655,Nắng,3.87,-22.08,2.33,-21.55,25.42,24.41,1654,Tốt
202105180655,Nắng,3.87,-19.79,2.03,-21.61,25.48,21.82,1764,Tốt
202105180655,Nắng,3.87,-20.32,2.07,-20.91,24.78,22.39,1447,Tốt
202105180655,Nắng,3.87,-22.68,2.47,-22.29,26.16,25.15,1747,Tốt
202105180655,Nắng,3.87,-20.51,2.93,-24.95,28.82,23.44,1581,Đạt
202105180655,Nắng,3.87,-19.92,2.77,-21.19,25.06,22.69,1553,Tốt
202105180655,Nắng,3.87,-21.25,2.83,-22.67,26.54,24.08,1780,Tốt
202105180655,Nắng,3.87,-21.49,2.31,-22.44,26.31,23.8,1970,Tốt
202105180655,Nắng,3.87,-21.94,2.18,-22.22,26.09,24.12,1603,Tốt
202105180655,Nắng,3.87,-20.46,2.98,-20.41,24.28,23.44,1159,Tốt
202105180655,Nắng,3.87,-19.4,2.97,-21.87,25.74,22.37,1122,Tốt
202105180655,Nắng,3.87,-21.08,2.12,-23.76,27.63,23.2,1084,Đạt
202105180655,Nắng,3.87,-21.25,2.17,-22.07,25.94,23.42,1058,Tốt
202105180655,Nắng,3.87,-21.49,1.83,-21.55,25.42,23.32,1054,Tốt
202105180655,Nắng,3.84,-22.93,2.93,-23.28,27.12,25.86,10359,Đạt
202105180655,Nắng,3.84,-22.93,2.85,-24.56,28.4,25.78,9270,Đạt
202105180655,Nắng,3.84,-23.19,3.31,-23.28,27.12,26.5,10096,Đạt
202105180655,Nắng,3.84,-23.57,2.07,-22.84,26.68,25.64,9274,Tốt
202105180655,Nắng,3.84,-24.44,2.03,-25.08,28.92,26.47,9299,Đạt
202105180655,Nắng,3.84,-23.19,2.89,-23.18,27.02,26.08,9193,Đạt
202105180655,Nắng,3.84,-21.94,2.26,-24.31,28.15,24.2,9399,Đạt
202105180655,Nắng,3.84,-22.93,2.67,-23.46,27.3,25.6,9206,Đạt
202105180655,Nắng,3.84,-23.98,2.42,-25.08,28.92,26.4,11043,Đạt
202105180655,Nắng,3.84,-24.56,2.67,-23.18,27.02,27.23,11038,Đạt
202105180655,Nắng,3.84,-23.98,2.06,-23.46,27.3,26.04,10741,Đạt
202105180655,Nắng,3.84,-26.58,2.84,-25.37,29.21,29.42,11067,Đạt
202105180655,Nắng,3.84,-26.39,2.79,-25.53,29.37,29.18,11006,Đạt
202105180655,Nắng,3.84,-25.09,2.34,-23.56,27.4,27.43,10998,Đạt
202105180655,Nắng,3.84,-24.69,2.27,-23.98,27.82,26.96,10729,Đạt
202105180655,Nắng,3.84,-26.03,2.13,-24.95,28.79,28.16,10897,Đạt
202105180655,Nắng,3.84,-25.09,2.29,-24.81,28.65,27.38,10975,Đạt
202105180655,Nắng,3.84,-23.47,2.03,-24.43,28.27,25.5,10994,Đạt
202105180655,Nắng,3.84,-24.44,3.2,-24.95,28.79,27.64,11009,Đạt
202105180655,Nắng,3.84,-23.19,2.51,-24.09,27.93,25.7,10944,Đạt
202105180655,Nắng,3.84,-22.84,2.49,-21.94,25.78,25.33,10177,Tốt
202105180655,Nắng,3.84,-24.44,2.29,-23.56,27.4,26.73,8695,Đạt
202105180655,Nắng,3.84,-26.2,2.24,-24.56,28.4,28.44,8849,Đạt
202105180655,Nắng,3.84,-23.98,2.96,-24.43,28.27,26.94,8580,Đạt
202105180655,Nắng,3.84,-21.55,2.97,-22.59,26.43,24.52,8581,Tốt
202105180655,Nắng,3.84,-24.82,2.14,-25.53,29.37,26.96,8544,Đạt
202105180655,Nắng,3.84,-21.25,2.34,-21.48,25.32,23.59,8719,Tốt
202105180655,Nắng,3.84,-23.47,2.89,-23.98,27.82,26.36,8761,Đạt
202105180655,Nắng,3.84,-21.81,2.98,-20.55,24.39,24.79,8884,Tốt
202105180655,Nắng,3.84,-25.09,2.07,-24.2,28.04,27.16,8765,Đạt
202105180655,Nắng,3.84,-24.82,3.04,-22.22,26.06,27.86,8597,Tốt
202105180655,Nắng,3.84,-23.57,3.29,-23.28,27.12,26.86,8569,Đạt
202105180655,Nắng,3.84,-20.87,2.83,-20.7,24.54,23.7,8585,Tốt
202105180655,Nắng,3.84,-23.57,2.9,-26.38,30.22,26.47,8599,Kém
202105180655,Nắng,3.84,-22.01,2.73,-21.36,25.2,24.74,8742,Tốt
202105180655,Nắng,3.84,-23.28,3.04,-23.18,27.02,26.32,9155,Đạt
202105180655,Nắng,3.8,-22.08,2.24,-21.94,25.74,24.32,2209,Tốt
202105180655,Nắng,3.8,-23.57,2.12,-20.65,24.45,25.69,2273,Tốt
202105180655,Nắng,3.8,-21.37,2.26,-19.7,23.5,23.63,2265,Tốt
202105180655,Nắng,3.8,-21.37,2.39,-19.28,23.08,23.76,2233,Tốt
202105180655,Nắng,3.8,-24.21,2.08,-27.44,31.24,26.29,2294,Kém
202105180655,Nắng,3.8,-23.88,2.22,-21.94,25.74,26.1,2155,Tốt
202105180655,Nắng,3.8,-21.68,2.85,-23.37,27.17,24.53,2531,Đạt
202105180655,Nắng,3.8,-21.25,2.65,-21.02,24.82,23.9,2253,Tốt
202105180655,Nắng,3.8,-20.87,2.45,-21.42,25.22,23.32,2357,Tốt
202105180655,Nắng,3.8,-21.14,2.03,-21.02,24.82,23.17,1538,Tốt
202105180655,Nắng,3.8,-23.28,2,-21.08,24.88,25.28,2595,Tốt
202105180655,Nắng,3.8,-22.15,2.05,-21.25,25.05,24.2,2742,Tốt
202105180655,Nắng,3.8,-24.32,2.23,-23.28,27.08,26.55,2868,Đạt
202105180655,Nắng,3.8,-23.98,2.05,-23.18,26.98,26.03,3012,Tốt
202105180655,Nắng,3.8,-23.77,2.22,-21.02,24.82,25.99,2647,Tốt
202105180655,Nắng,3.8,-22.15,2.62,-22.67,26.47,24.77,3160,Tốt
202105180655,Nắng,3.8,-23.19,2.79,-22.67,26.47,25.98,3147,Tốt
202105180655,Nắng,3.8,-22.68,2.4,-24.31,28.11,25.08,3443,Đạt
202105180655,Nắng,3.8,-21.55,2.32,-25.23,29.03,23.87,3468,Đạt
202105180655,Nắng,3.8,-23.98,2.38,-24.09,27.89,26.36,3485,Đạt
202105180655,Nắng,3.8,-23.57,3.12,-25.85,29.65,26.69,2990,Đạt
202105180655,Nắng,3.8,-22.52,2.77,-23.37,27.17,25.29,2988,Đạt
202105180655,Nắng,3.8,-23.19,2.76,-24.68,28.48,25.95,2795,Đạt
202105180655,Nắng,3.8,-21.74,2.57,-21.61,25.41,24.31,3419,Tốt
202105180655,Nắng,3.8,-23.02,1.97,-22,25.8,24.99,2891,Tốt
202105180655,Nắng,3.8,-23.19,2.17,-23.98,27.78,25.36,2936,Đạt
202105180655,Nắng,3.8,-21.68,2.34,-21.02,24.82,24.02,1485,Tốt
202105180655,Nắng,3.8,-20.32,2.84,-22.92,26.72,23.16,1493,Tốt
202105180655,Nắng,3.8,-21.94,2.42,-23.46,27.26,24.36,1650,Đạt
202105180655,Nắng,3.8,-21.94,2.77,-20,23.8,24.71,1400,Tốt
202105180655,Nắng,3.8,-21.62,2,-21.48,25.28,23.62,1551,Tốt
202105180655,Nắng,3.8,-22.3,2.27,-20.65,24.45,24.57,1334,Tốt
202105180655,Nắng,3.8,-22.68,2.54,-23.18,26.98,25.22,1672,Tốt
202105180655,Nắng,3.8,-23.88,2.22,-23.01,26.81,26.1,1452,Tốt
202105180655,Nắng,3.8,-21.88,1.88,-23.76,27.56,23.76,1257,Đạt
202105180655,Nắng,3.8,-21.68,2.45,-20.97,24.77,24.13,1427,Tốt
202105180655,Nắng,3.8,-23.19,2.36,-23.37,27.17,25.55,1587,Đạt
202105180655,Nắng,3.8,-21.88,2.43,-24.2,28,24.31,1556,Đạt
202105180655,Nắng,3.8,-21.43,2.42,-22.22,26.02,23.85,1510,Tốt
202105180655,Nắng,3.8,-22.76,3.14,-21.87,25.67,25.9,1394,Tốt
202105180655,Nắng,3.8,-22.84,2.96,-24.43,28.23,25.8,3743,Đạt
202105180655,Nắng,3.8,-24.44,2.97,-24.68,28.48,27.41,3711,Đạt
202105180655,Nắng,3.8,-23.67,2.8,-23.87,27.67,26.47,3577,Đạt
202105180655,Nắng,3.8,-22.01,3.02,-23.98,27.78,25.03,3684,Đạt
202105180655,Nắng,3.8,-21.55,2.55,-20.7,24.5,24.1,3184,Tốt
202105180655,Nắng,3.81,-23.77,2.27,-22.84,26.65,26.04,2237,Tốt
202105180655,Nắng,3.81,-24.09,2.53,-23.18,26.99,26.62,2112,Tốt
202105180655,Nắng,3.81,-23.02,2.72,-22.92,26.73,25.74,2120,Tốt
202105180655,Mưa,3.81,-23.38,2.28,-23.98,27.79,25.66,1471,Đạt
202105180655,Mưa,3.81,-23.98,2.27,-25.85,29.66,26.25,2553,Đạt
202105180655,Mưa,3.81,-21.62,2.47,-22.52,26.33,24.09,1606,Tốt
202105180655,Mưa,3.81,-23.98,2.21,-22.84,26.65,26.19,2648,Tốt
202105180655,Mưa,3.81,-23.57,2.44,-22.84,26.65,26.01,2429,Tốt
202105180655,Mưa,3.81,-24.56,2.05,-24.68,28.49,26.61,2179,Đạt
202105180655,Mưa,3.81,-23.02,2.67,-21.8,25.61,25.69,2198,Tốt
202105180655,Mưa,3.81,-23.57,2.1,-23.46,27.27,25.67,2203,Đạt
202105180655,Mưa,3.81,-23.67,2.87,-22.92,26.73,26.54,2204,Tốt
202105180655,Mưa,3.81,-21.94,2.73,-21.94,25.75,24.67,3024,Tốt
202105180655,Mưa,3.81,-22.6,2.29,-21.74,25.55,24.89,1460,Tốt
202105180655,Mưa,3.81,-23.1,2.28,-22.14,25.95,25.38,1337,Tốt
202105180655,Mưa,3.81,-22.3,2.31,-21.48,25.29,24.61,1368,Tốt
202105180655,Mưa,3.81,-19.79,2.54,-21.19,25,22.33,1616,Tốt
202105180655,Mưa,3.81,-22.22,3.05,-23.98,27.79,25.27,1613,Đạt
202105180655,Mưa,3.81,-21.31,3.16,-22.92,26.73,24.47,1796,Tốt
202105180655,Mưa,3.81,-22.93,2.76,-22.84,26.65,25.69,3658,Tốt
202105180655,Mưa,3.81,-24.69,2.19,-23.66,27.47,26.88,3300,Đạt
202105180655,Mưa,3.81,-20.81,2.79,-23.18,26.99,23.6,3469,Tốt
202105180655,Mưa,3.81,-21.74,3.48,-19.58,23.39,25.22,3372,Tốt
202105180655,Mưa,3.81,-22.08,2.26,-22.59,26.4,24.34,3544,Tốt
202105180655,Mưa,3.81,-23.77,2.58,-24.95,28.76,26.35,3682,Đạt
202105180655,Mưa,3.81,-24.69,2.12,-25.85,29.66,26.81,3560,Đạt
202105180655,Mưa,3.81,-23.57,2.86,-22.44,26.25,26.43,3449,Tốt
202105180655,Mưa,3.81,-23.1,2.04,-22.75,26.56,25.14,2554,Tốt
202105180655,Mưa,3.81,-23.77,2.2,-23.46,27.27,25.97,2714,Đạt
202105180655,Mưa,3.81,-22.93,2.09,-25.08,28.89,25.02,2722,Đạt
202105180655,Mưa,3.81,-26.78,1.93,-25.37,29.18,28.71,3035,Đạt
202105180655,Mưa,3.81,-22.68,2.49,-22.36,26.17,25.17,2889,Tốt
202105180655,Mưa,3.81,-25.38,2.1,-24.43,28.24,27.48,3483,Đạt
202105180655,Mưa,3.81,-22.68,2.66,-24.2,28.01,25.34,3233,Đạt
202105180655,Mưa,3.81,-22.52,2.43,-22,25.81,24.95,2691,Tốt
202105180655,Mưa,3.81,-24.32,2.11,-23.1,26.91,26.43,3099,Tốt
202105180655,Mưa,3.81,-23.47,2,-23.56,27.37,25.47,2887,Đạt
202105180655,Mưa,3.81,-22.45,2.84,-23.28,27.09,25.29,2870,Đạt
202105180655,Mưa,3.81,-22.22,2.42,-22.75,26.56,24.64,2800,Tốt
202105180655,Mưa,3.81,-23.88,2.28,-24.68,28.49,26.16,3004,Đạt
202105180655,Mưa,3.81,-23.1,2.07,-22.84,26.65,25.17,2831,Tốt
202105180655,Mưa,3.94,-23.98,2.09,-22.67,26.61,26.07,4898,Tốt
202105180655,Mưa,3.94,-21.74,2.59,-20.31,24.25,24.33,4961,Tốt
202105180655,Mưa,3.94,-24.32,2.15,-23.76,27.7,26.47,4759,Đạt
202105180655,Mưa,3.94,-23.02,2.66,-22.07,26.01,25.68,4955,Tốt
202105180655,Mưa,3.94,-27.45,2.41,-23.18,27.12,29.86,5325,Đạt
202105180655,Mưa,3.94,-22.37,2.72,-21.48,25.42,25.09,4899,Tốt
202105180655,Mưa,3.94,-22.15,2.61,-15.83,19.77,24.76,4942,Tốt
202105180655,Mưa,3.94,-23.1,2.74,-21.48,25.42,25.84,5039,Tốt
202105180655,Mưa,3.94,-22.15,2.78,-20.41,24.35,24.93,4862,Tốt
202105180655,Mưa,3.94,-27.7,1.89,-23.56,27.5,29.59,4808,Đạt
202105180655,Mưa,3.94,-23.02,2.53,-22.52,26.46,25.55,5407,Tốt
202105180655,Mưa,3.94,-23.98,2.38,-22.07,26.01,26.36,4985,Tốt
202105180655,Mưa,3.94,-21.88,2.53,-23.28,27.22,24.41,5126,Đạt
202105180655,Mưa,3.94,-22.37,2.63,-21.13,25.07,25,5083,Tốt
202105180655,Mưa,3.94,-24.44,3.2,-23.87,27.81,27.64,5124,Đạt
202105180655,Mưa,3.94,-21.49,3.02,-20.5,24.44,24.51,5573,Tốt
202105180655,Mưa,3.94,-22.37,3.01,-20.91,24.85,25.38,5734,Tốt
